{"cameraMode":{"drawMode":0,"name":"Shaded","section":"Shading Mode"},"sceneLighting":true,"audioPlay":false,"sceneViewState":{"showFog":true,"showMaterialUpdate":false,"showSkybox":true,"showFlares":true,"showImageEffects":true,"showParticleSystems":true,"showVisualEffectGraphs":true,"m_FxEnabled":true},"in2DMode":false,"pivot":{"x":2.902470827102661,"y":1.9386284351348878,"z":-1.6085431575775147},"rotation":{"x":0.1623801290988922,"y":-0.49408894777297976,"z":0.09451708942651749,"w":0.8489077091217041},"size":0.0059850215911865238,"orthographic":false}